Service Category,Product/Service,Delivery Method,Team Size,Estimated Delivery Time
Brand Identity,Logo Design (Basic),In-person,1,Under 1 hour
Brand Identity,Logo Design (Detailed),Digital Delivery,1,24 hours
Mobile/Web Development,Landing Page,Digital Delivery,2,2-3 business days
Custom Prints,Business Cards (100 pieces),Pickup/Delivery,1,24 hours
Custom Prints,Event Banners,Delivery,2,2-3 business days
Computer Programming,Simple Script,Digital Delivery,1,24 hours
Computer Programming,API Integration,Digital Delivery,3,2-3 business days
Brand Identity,Full Brand Kit,Digital Delivery,10,2-3 business days
Mobile/Web Development,E-commerce Website,Digital Delivery,10,2-3 business days
