Service,Description,Price ($),Unit
Blog Writing,"Generate ideas, outlines, and content for blogs. Offer writing services to clients.",30,Hour
Social Media Content,Create engaging posts for social media platforms. Provide regular content updates.,50,Hour
Copywriting,"Develop marketing copy for websites, emails, and advertisements.",50,Hour
Editing and Proofreading,Assist with editing and proofreading tasks to ensure high-quality content.,30,Hour
Transcription Services,Offer transcription services for audio and video content.,30,Hour
Translation Services,Help translate text between English and Spanish language for various purposes.,30,Hour
Customer Support,Provide customer support services by handling queries and responses.,50,Hour
Administrative Tasks,"Assist with tasks like email management, scheduling, and data entry.",50,Hour
Online Tutoring,"Create lesson plans, study guides, and answer questions for tutoring sessions.",100,Hour
Course Creation,Develop online courses and educational content for various topics.,100,Hour
Market Research,Conduct market research and gather insights for business strategies.,100,Hour
Data Analysis,Analyze data and generate reports for business decision-making.,100,Hour
Story Writing,"Write stories, novels, or screenplays. Offer ghostwriting services.",30,Hour
Game Development,"Create storylines, dialogues, and game content for game development.",100,Hour
Business Consulting,Provide insights and strategies for businesses based on industry research.,200,Hour
Tech Support,Offer tech support and troubleshooting assistance.,100,Hour
E-books and Guides,"Create and sell e-books, guides, and templates on various topics.",30,Hour
Subscription Services,Offer subscription-based services for exclusive content and newsletters.,50,Hour
Content Creation for Affiliates,"Write reviews, comparisons, and promotional content for affiliate marketing.",50,Hour
Custom Chatbots,Develop and sell customized chatbot solutions for businesses.,100,Hour
SEO Content,Write SEO-optimized content to improve website rankings.,50,Hour
Ad Copy,Create effective ad copy for online advertisements.,30,Hour
