Business Size,Service,Price Range (USD),Unit
Small,Web3 Consulting and Education,"1,000 - 5,000",Project
Small,Smart Contract Development,"2,000 - 10,000",Project
Small,NFT Integration,"3,000 - 15,000",Project
Small,Decentralized Web Hosting,"500 - 3,000",Project
Small,Blockchain-Based Payment Integration,"1,500 - 7,000",Project
Medium,Custom Blockchain Solutions,"10,000 - 50,000",Project
Medium,Decentralized Applications (DApps),"15,000 - 75,000",Project
Medium,Tokenization Services,"8,000 - 30,000",Project
Medium,Identity and Data Management Solutions,"10,000 - 40,000",Project
Medium,Cross-Chain Solutions,"20,000 - 100,000",Project
Large,Enterprise Blockchain Integration,"50,000 - 250,000",Project
Large,DeFi Integration,"30,000 - 150,000",Project
Large,Supply Chain Transparency,"75,000 - 300,000",Project
Large,Corporate Governance Solutions,"40,000 - 200,000",Project
Large,Security Token Offerings (STO),"50,000 - 300,000",Project
Cross-Business,Web3 Security Audits,"5,000 - 25,000",Project
Cross-Business,Interoperability Solutions,"20,000 - 150,000",Project
Cross-Business,Web3 Infrastructure Consulting,"10,000 - 50,000",Project
Cross-Business,Regulatory Compliance,"15,000 - 75,000",Project
